agent_name,cherries_eaten,total_moves,agent_runtime,max_moves_without_cherry,grid_width,grid_height
random,2,3713,0.000927,4500,30,30
random,3,3201,0.002355,4500,30,30
random,2,1409,0.000518,4500,30,30
random,3,6957,0.002865,4500,30,30
random,3,3969,0.003019,4500,30,30
random,2,3544,0.002184,4500,30,30
random,5,3951,0.001245,4500,30,30
random,5,2002,0.000881,4500,30,30
random,3,2609,0.001538,4500,30,30
random,6,4145,0.002738,4500,30,30
manhattan,39,861,0.000944,4500,30,30
manhattan,26,531,0.000543,4500,30,30
manhattan,44,912,0.000998,4500,30,30
manhattan,28,684,0.000753,4500,30,30
manhattan,25,549,0.000514,4500,30,30
manhattan,14,400,0.000505,4500,30,30
manhattan,50,1098,0.001193,4500,30,30
manhattan,24,564,0.000554,4500,30,30
manhattan,37,804,0.000976,4500,30,30
manhattan,9,195,0.000203,4500,30,30
dfs,8,1461,0.001617,4500,30,30
dfs,20,5010,0.005545,4500,30,30
dfs,28,7316,0.008191,4500,30,30
dfs,13,3765,0.004963,4500,30,30
dfs,12,2571,0.002576,4500,30,30
dfs,9,2764,0.002538,4500,30,30
dfs,7,1615,0.001388,4500,30,30
dfs,38,10505,0.011307,4500,30,30
dfs,26,6715,0.006482,4500,30,30
dfs,20,5094,0.004762,4500,30,30
ida_dfs,97,3289,1.382890,4500,30,30
ida_dfs,87,2821,0.774574,4500,30,30
ida_dfs,82,2864,0.994990,4500,30,30
ida_dfs,60,1988,0.675097,4500,30,30
ida_dfs,76,2431,0.727926,4500,30,30
ida_dfs,32,895,0.230640,4500,30,30
ida_dfs,123,4093,1.977289,4500,30,30
ida_dfs,37,988,0.252890,4500,30,30
ida_dfs,73,2666,0.847479,4500,30,30
ida_dfs,79,2554,0.798119,4500,30,30
raw_hamilton,897,217628,0.196147,4500,30,30
raw_hamilton,897,201452,0.181370,4500,30,30
raw_hamilton,897,205000,0.185046,4500,30,30
raw_hamilton,897,200802,0.178738,4500,30,30
raw_hamilton,897,205428,0.184814,4500,30,30
raw_hamilton,897,197331,0.174888,4500,30,30
raw_hamilton,897,198624,0.179119,4500,30,30
raw_hamilton,897,205606,0.183340,4500,30,30
raw_hamilton,897,202049,0.182013,4500,30,30
raw_hamilton,897,197430,0.184237,4500,30,30
smart_snako,897,81340,117.904345,4500,30,30
smart_snako,897,84449,118.952372,4500,30,30
smart_snako,897,78577,114.859969,4500,30,30
smart_snako,897,79869,118.808086,4500,30,30
smart_snako,897,81733,118.237944,4500,30,30
smart_snako,897,79799,116.174451,4500,30,30
smart_snako,897,79042,115.573701,4500,30,30
smart_snako,897,80488,115.841787,4500,30,30
smart_snako,897,88019,124.310518,4500,30,30
smart_snako,897,85732,121.716578,4500,30,30
random,1,3353,0.001360,4500,30,30
random,3,2404,0.001684,4500,30,30
random,3,2735,0.001203,4500,30,30
random,3,1772,0.000838,4500,30,30
random,4,5310,0.003913,4500,30,30
random,3,3489,0.001582,4500,30,30
random,4,2939,0.002106,4500,30,30
random,0,4501,0.001347,4500,30,30
random,3,1966,0.001591,4500,30,30
random,3,3637,0.002049,4500,30,30
manhattan,27,621,0.000572,4500,30,30
manhattan,33,799,0.000648,4500,30,30
manhattan,31,669,0.000556,4500,30,30
manhattan,47,1055,0.001030,4500,30,30
manhattan,38,778,0.000780,4500,30,30
manhattan,44,974,0.000933,4500,30,30
manhattan,40,907,0.000852,4500,30,30
manhattan,34,833,0.000841,4500,30,30
manhattan,54,1243,0.001116,4500,30,30
manhattan,58,1420,0.001412,4500,30,30
dfs,20,6045,0.007480,4500,30,30
dfs,23,4700,0.004974,4500,30,30
dfs,12,3178,0.003351,4500,30,30
dfs,16,4833,0.004286,4500,30,30
dfs,23,6337,0.005176,4500,30,30
dfs,16,5541,0.005867,4500,30,30
dfs,18,4209,0.003411,4500,30,30
dfs,40,11249,0.011662,4500,30,30
dfs,11,3599,0.003091,4500,30,30
dfs,38,8349,0.009738,4500,30,30
ida_dfs,81,2478,0.693817,4500,30,30
ida_dfs,91,2934,0.809444,4500,30,30
ida_dfs,109,3261,1.179186,4500,30,30
ida_dfs,57,1732,0.378022,4500,30,30
ida_dfs,111,3346,1.439988,4500,30,30
ida_dfs,81,2492,0.871172,4500,30,30
ida_dfs,100,3260,0.984449,4500,30,30
ida_dfs,52,1670,0.525141,4500,30,30
ida_dfs,96,2965,1.131915,4500,30,30
ida_dfs,98,3126,1.023029,4500,30,30
raw_hamilton,897,202510,0.182562,4500,30,30
raw_hamilton,897,199426,0.178140,4500,30,30
raw_hamilton,897,199717,0.176412,4500,30,30
raw_hamilton,897,198116,0.182931,4500,30,30
raw_hamilton,897,199655,0.179284,4500,30,30
raw_hamilton,897,201481,0.179650,4500,30,30
raw_hamilton,897,206249,0.180331,4500,30,30
raw_hamilton,897,196118,0.174696,4500,30,30
raw_hamilton,897,197762,0.178489,4500,30,30
raw_hamilton,897,208024,0.185275,4500,30,30
smart_snako,897,80369,116.553420,4500,30,30
smart_snako,897,79681,112.128462,4500,30,30
smart_snako,897,81653,118.241666,4500,30,30
smart_snako,897,80327,115.215979,4500,30,30
smart_snako,897,80742,126.512970,4500,30,30
smart_snako,897,82348,124.540203,4500,30,30
smart_snako,897,77543,116.945297,4500,30,30
smart_snako,897,81340,140.914747,4500,30,30
smart_snako,897,81777,122.376800,4500,30,30
smart_snako,897,80131,116.827436,4500,30,30
random,1,6152,0.002346,4500,30,30
random,2,4642,0.002263,4500,30,30
random,4,5292,0.001814,4500,30,30
random,0,4501,0.003683,4500,30,30
random,3,3895,0.001213,4500,30,30
random,4,2255,0.001085,4500,30,30
random,3,6386,0.001141,4500,30,30
random,5,2647,0.001354,4500,30,30
random,3,5197,0.002030,4500,30,30
random,1,3216,0.000814,4500,30,30
manhattan,24,446,0.000428,4500,30,30
manhattan,15,343,0.000296,4500,30,30
manhattan,39,816,0.000827,4500,30,30
manhattan,38,738,0.000739,4500,30,30
manhattan,39,803,0.000720,4500,30,30
manhattan,18,396,0.000378,4500,30,30
manhattan,29,500,0.000472,4500,30,30
manhattan,41,855,0.000788,4500,30,30
manhattan,40,892,0.000875,4500,30,30
manhattan,28,643,0.000572,4500,30,30
dfs,7,1780,0.001635,4500,30,30
dfs,19,4888,0.004995,4500,30,30
dfs,5,1078,0.001478,4500,30,30
dfs,22,5432,0.007021,4500,30,30
dfs,13,3339,0.003432,4500,30,30
dfs,31,8616,0.008991,4500,30,30
dfs,20,5538,0.005847,4500,30,30
dfs,27,5212,0.005510,4500,30,30
dfs,23,5239,0.004926,4500,30,30
dfs,24,6089,0.006683,4500,30,30
ida_dfs,83,2655,0.890661,4500,30,30
ida_dfs,70,2178,0.614076,4500,30,30
ida_dfs,71,1954,0.705320,4500,30,30
ida_dfs,40,967,0.200170,4500,30,30
ida_dfs,67,1975,0.486042,4500,30,30
ida_dfs,94,2848,1.149219,4500,30,30
ida_dfs,14,435,0.112726,4500,30,30
ida_dfs,73,2312,0.676926,4500,30,30
ida_dfs,104,3136,0.931743,4500,30,30
ida_dfs,105,3649,1.470199,4500,30,30
raw_hamilton,897,205111,0.186003,4500,30,30
raw_hamilton,897,198933,0.178323,4500,30,30
raw_hamilton,897,196841,0.173784,4500,30,30
raw_hamilton,897,200508,0.174733,4500,30,30
raw_hamilton,897,200886,0.180100,4500,30,30
raw_hamilton,897,199281,0.179775,4500,30,30
raw_hamilton,897,205633,0.188171,4500,30,30
raw_hamilton,897,196654,0.177433,4500,30,30
raw_hamilton,897,195975,0.180230,4500,30,30
raw_hamilton,897,204899,0.179235,4500,30,30
smart_snako,897,80755,117.820269,4500,30,30
smart_snako,897,78687,114.167880,4500,30,30
smart_snako,897,81357,114.440797,4500,30,30
smart_snako,897,81212,119.346691,4500,30,30
smart_snako,897,80340,127.018355,4500,30,30
smart_snako,897,82785,116.345523,4500,30,30
smart_snako,897,78995,113.398745,4500,30,30
smart_snako,897,79802,113.077430,4500,30,30
smart_snako,897,79825,117.511745,4500,30,30
smart_snako,897,79486,115.955401,4500,30,30
random,1,4508,0.000505,4500,30,30
random,2,4140,0.002719,4500,30,30
random,2,1304,0.000498,4500,30,30
random,1,7458,0.003443,4500,30,30
random,2,1234,0.000742,4500,30,30
random,3,3806,0.001641,4500,30,30
random,2,1397,0.000215,4500,30,30
random,2,1213,0.000491,4500,30,30
random,2,1302,0.000970,4500,30,30
random,3,5991,0.004163,4500,30,30
manhattan,35,691,0.000647,4500,30,30
manhattan,16,394,0.000356,4500,30,30
manhattan,33,750,0.000765,4500,30,30
manhattan,34,838,0.000844,4500,30,30
manhattan,35,722,0.000633,4500,30,30
manhattan,20,391,0.000351,4500,30,30
manhattan,35,731,0.000664,4500,30,30
manhattan,30,614,0.000517,4500,30,30
manhattan,45,1057,0.001268,4500,30,30
manhattan,33,801,0.000776,4500,30,30
dfs,10,2276,0.002062,4500,30,30
dfs,16,4167,0.004419,4500,30,30
dfs,17,4647,0.005095,4500,30,30
dfs,19,4896,0.004597,4500,30,30
dfs,17,4852,0.005077,4500,30,30
dfs,19,4462,0.004663,4500,30,30
dfs,19,4580,0.003779,4500,30,30
dfs,6,2016,0.001915,4500,30,30
dfs,11,2983,0.003190,4500,30,30
dfs,17,4428,0.004816,4500,30,30
ida_dfs,93,2772,0.862036,4500,30,30
ida_dfs,72,2072,0.502094,4500,30,30
ida_dfs,87,2693,0.789098,4500,30,30
ida_dfs,65,1868,0.863859,4500,30,30
ida_dfs,86,2710,0.644643,4500,30,30
ida_dfs,47,1279,0.289405,4500,30,30
ida_dfs,89,2252,0.417965,4500,30,30
ida_dfs,63,1938,0.499897,4500,30,30
ida_dfs,71,2533,0.789354,4500,30,30
ida_dfs,62,1975,0.863943,4500,30,30
raw_hamilton,897,198423,0.183043,4500,30,30
raw_hamilton,897,199263,0.181637,4500,30,30
raw_hamilton,897,200789,0.183923,4500,30,30
raw_hamilton,897,199991,0.178381,4500,30,30
raw_hamilton,897,198944,0.184931,4500,30,30
raw_hamilton,897,205203,0.183682,4500,30,30
raw_hamilton,897,205364,0.189905,4500,30,30
raw_hamilton,897,207662,0.186263,4500,30,30
raw_hamilton,897,203840,0.185718,4500,30,30
raw_hamilton,897,197044,0.177890,4500,30,30
smart_snako,897,86288,122.244997,4500,30,30
smart_snako,897,83266,118.239253,4500,30,30
smart_snako,897,81632,119.099929,4500,30,30
smart_snako,897,82104,117.822553,4500,30,30
smart_snako,897,81088,114.413661,4500,30,30
smart_snako,897,79973,115.412513,4500,30,30
smart_snako,897,82936,122.031880,4500,30,30
smart_snako,897,78880,113.323631,4500,30,30
smart_snako,897,81888,114.572196,4500,30,30
smart_snako,897,80045,113.146448,4500,30,30
random,1,1409,0.000678,4500,30,30
random,3,4972,0.001944,4500,30,30
random,0,4501,0.000319,4500,30,30
random,0,4501,0.001572,4500,30,30
random,5,4850,0.002536,4500,30,30
random,3,1127,0.000211,4500,30,30
random,3,6004,0.002560,4500,30,30
random,4,3033,0.002138,4500,30,30
random,3,5517,0.003447,4500,30,30
random,1,2434,0.000547,4500,30,30
manhattan,65,1424,0.001407,4500,30,30
manhattan,28,619,0.000516,4500,30,30
manhattan,30,555,0.000537,4500,30,30
manhattan,28,533,0.000521,4500,30,30
manhattan,41,1020,0.000945,4500,30,30
manhattan,38,929,0.000661,4500,30,30
manhattan,28,689,0.000680,4500,30,30
manhattan,18,306,0.000319,4500,30,30
manhattan,42,981,0.000858,4500,30,30
manhattan,42,787,0.000775,4500,30,30
dfs,12,3527,0.002949,4500,30,30
dfs,19,4862,0.006154,4500,30,30
dfs,33,9327,0.008135,4500,30,30
dfs,25,6206,0.006991,4500,30,30
dfs,23,6037,0.005675,4500,30,30
dfs,26,5728,0.006253,4500,30,30
dfs,15,3412,0.003357,4500,30,30
dfs,29,5529,0.007418,4500,30,30
dfs,40,10212,0.009704,4500,30,30
dfs,23,6355,0.006238,4500,30,30
ida_dfs,46,1270,0.247795,4500,30,30
ida_dfs,96,2778,1.134474,4500,30,30
ida_dfs,64,1772,0.471441,4500,30,30
ida_dfs,87,3066,1.000867,4500,30,30
ida_dfs,39,1087,0.243222,4500,30,30
ida_dfs,84,2567,0.687691,4500,30,30
ida_dfs,91,2805,0.893164,4500,30,30
ida_dfs,85,2568,0.743061,4500,30,30
ida_dfs,52,1376,0.296073,4500,30,30
ida_dfs,95,2952,0.987945,4500,30,30
raw_hamilton,897,204885,0.185600,4500,30,30
raw_hamilton,897,202820,0.182172,4500,30,30
raw_hamilton,897,200742,0.184677,4500,30,30
raw_hamilton,897,204888,0.180911,4500,30,30
raw_hamilton,897,208084,0.187093,4500,30,30
raw_hamilton,897,206552,0.185241,4500,30,30
raw_hamilton,897,204778,0.179913,4500,30,30
raw_hamilton,897,207444,0.188076,4500,30,30
raw_hamilton,897,198733,0.179205,4500,30,30
raw_hamilton,897,201765,0.188045,4500,30,30
smart_snako,897,84760,123.221353,4500,30,30
smart_snako,897,80943,115.946995,4500,30,30
smart_snako,897,83719,121.001342,4500,30,30
smart_snako,897,84061,118.502217,4500,30,30
smart_snako,897,80361,119.181225,4500,30,30
smart_snako,897,79150,115.707810,4500,30,30
smart_snako,897,75919,111.942681,4500,30,30
smart_snako,897,78535,111.601438,4500,30,30
smart_snako,897,82478,117.907534,4500,30,30
smart_snako,897,82271,118.301272,4500,30,30
random,2,1008,0.000452,4500,30,30
random,3,3336,0.001647,4500,30,30
random,2,1415,0.000628,4500,30,30
random,0,4501,0.003592,4500,30,30
random,1,1047,0.000313,4500,30,30
random,3,3113,0.001740,4500,30,30
random,1,2440,0.001729,4500,30,30
random,3,4047,0.002748,4500,30,30
random,1,1377,0.000721,4500,30,30
random,5,5906,0.002808,4500,30,30
manhattan,13,275,0.000232,4500,30,30
manhattan,45,942,0.000868,4500,30,30
manhattan,34,706,0.000681,4500,30,30
manhattan,42,948,0.000987,4500,30,30
manhattan,23,507,0.000535,4500,30,30
manhattan,36,836,0.000820,4500,30,30
manhattan,54,1206,0.001154,4500,30,30
manhattan,26,577,0.000518,4500,30,30
manhattan,30,649,0.000717,4500,30,30
manhattan,46,926,0.000859,4500,30,30
dfs,28,6763,0.005594,4500,30,30
dfs,13,1903,0.001855,4500,30,30
dfs,18,5148,0.006245,4500,30,30
dfs,15,3888,0.003397,4500,30,30
dfs,37,9776,0.010974,4500,30,30
dfs,9,2242,0.002168,4500,30,30
dfs,21,5074,0.004102,4500,30,30
dfs,13,3994,0.004323,4500,30,30
dfs,19,4701,0.004833,4500,30,30
dfs,53,12927,0.013640,4500,30,30
ida_dfs,37,1272,0.443312,4500,30,30
ida_dfs,89,2801,0.802494,4500,30,30
ida_dfs,102,3079,1.330188,4500,30,30
ida_dfs,72,2210,0.811531,4500,30,30
ida_dfs,111,3806,1.604213,4500,30,30
ida_dfs,137,4523,1.727791,4500,30,30
ida_dfs,74,2251,0.767244,4500,30,30
ida_dfs,110,3585,1.386464,4500,30,30
ida_dfs,126,4380,1.685085,4500,30,30
ida_dfs,51,1477,0.319833,4500,30,30
raw_hamilton,897,204389,0.177609,4500,30,30
raw_hamilton,897,201599,0.181927,4500,30,30
raw_hamilton,897,209975,0.186434,4500,30,30
raw_hamilton,897,199515,0.179286,4500,30,30
raw_hamilton,897,202513,0.183571,4500,30,30
raw_hamilton,897,198513,0.171891,4500,30,30
raw_hamilton,897,206496,0.184800,4500,30,30
raw_hamilton,897,208761,0.190296,4500,30,30
raw_hamilton,897,201602,0.182156,4500,30,30
raw_hamilton,897,200586,0.176545,4500,30,30
smart_snako,897,83380,115.738475,4500,30,30
smart_snako,897,82157,120.515363,4500,30,30
smart_snako,897,77852,112.956679,4500,30,30
smart_snako,897,81174,118.716837,4500,30,30
smart_snako,897,81311,119.004627,4500,30,30
smart_snako,897,80153,116.988809,4500,30,30
smart_snako,897,81249,115.704054,4500,30,30
smart_snako,897,80509,115.625427,4500,30,30
smart_snako,897,83504,120.977317,4500,30,30
smart_snako,897,81890,116.634058,4500,30,30
random,4,2454,0.001219,4500,30,30
random,4,5349,0.004243,4500,30,30
random,1,4912,0.003763,4500,30,30
random,1,2454,0.001062,4500,30,30
random,0,4501,0.000448,4500,30,30
random,1,4524,0.003019,4500,30,30
random,1,5034,0.002370,4500,30,30
random,5,4198,0.002547,4500,30,30
random,2,6313,0.003340,4500,30,30
random,4,2299,0.000761,4500,30,30
manhattan,62,1485,0.001529,4500,30,30
manhattan,49,1084,0.001050,4500,30,30
manhattan,35,747,0.000694,4500,30,30
manhattan,29,618,0.000614,4500,30,30
manhattan,39,817,0.000710,4500,30,30
manhattan,49,1217,0.001073,4500,30,30
manhattan,35,648,0.000539,4500,30,30
manhattan,19,435,0.000379,4500,30,30
manhattan,48,1005,0.000966,4500,30,30
manhattan,29,656,0.000546,4500,30,30
dfs,16,3049,0.003847,4500,30,30
dfs,24,5319,0.005392,4500,30,30
dfs,6,859,0.000701,4500,30,30
dfs,8,1753,0.001744,4500,30,30
dfs,17,4283,0.004469,4500,30,30
dfs,5,1331,0.001161,4500,30,30
dfs,14,3567,0.003984,4500,30,30
dfs,14,3554,0.003552,4500,30,30
dfs,27,5409,0.004896,4500,30,30
dfs,11,2605,0.002388,4500,30,30
ida_dfs,51,1570,0.365469,4500,30,30
ida_dfs,106,3143,1.015173,4500,30,30
ida_dfs,88,2575,0.587271,4500,30,30
ida_dfs,73,2039,0.550313,4500,30,30
ida_dfs,84,2380,0.626486,4500,30,30
ida_dfs,97,2653,0.555010,4500,30,30
ida_dfs,78,2330,0.679948,4500,30,30
ida_dfs,77,2092,0.565990,4500,30,30
ida_dfs,102,2828,0.726980,4500,30,30
ida_dfs,51,1665,0.410429,4500,30,30
raw_hamilton,897,207166,0.186297,4500,30,30
raw_hamilton,897,199335,0.181937,4500,30,30
raw_hamilton,897,196931,0.180234,4500,30,30
raw_hamilton,897,205371,0.181956,4500,30,30
raw_hamilton,897,204051,0.184149,4500,30,30
raw_hamilton,897,201246,0.181488,4500,30,30
raw_hamilton,897,200552,0.175289,4500,30,30
raw_hamilton,897,199764,0.182060,4500,30,30
raw_hamilton,897,202662,0.188638,4500,30,30
raw_hamilton,897,205601,0.186103,4500,30,30
smart_snako,897,85538,123.968898,4500,30,30
smart_snako,897,82137,117.790853,4500,30,30
smart_snako,897,82677,120.645373,4500,30,30
smart_snako,897,84178,120.062748,4500,30,30
smart_snako,897,85830,121.428081,4500,30,30
smart_snako,897,79178,115.606395,4500,30,30
smart_snako,897,79009,113.292603,4500,30,30
smart_snako,897,83504,123.185132,4500,30,30
smart_snako,897,80616,117.737330,4500,30,30
smart_snako,897,84011,119.213962,4500,30,30
random,1,4223,0.001218,4500,30,30
random,0,4501,0.000259,4500,30,30
random,4,3412,0.000959,4500,30,30
random,2,863,0.000329,4500,30,30
random,3,3536,0.002567,4500,30,30
random,1,7539,0.002658,4500,30,30
random,1,2769,0.000773,4500,30,30
random,5,2833,0.001832,4500,30,30
random,4,4896,0.002686,4500,30,30
random,2,945,0.000423,4500,30,30
manhattan,29,598,0.000520,4500,30,30
manhattan,32,678,0.000639,4500,30,30
manhattan,21,498,0.000446,4500,30,30
manhattan,25,578,0.000594,4500,30,30
manhattan,49,994,0.001005,4500,30,30
manhattan,40,930,0.000959,4500,30,30
manhattan,41,800,0.000673,4500,30,30
manhattan,31,699,0.000712,4500,30,30
manhattan,55,1160,0.001148,4500,30,30
manhattan,33,675,0.000723,4500,30,30
dfs,17,4238,0.003363,4500,30,30
dfs,18,4585,0.004710,4500,30,30
dfs,19,5106,0.005094,4500,30,30
dfs,9,2310,0.002225,4500,30,30
dfs,16,4685,0.005092,4500,30,30
dfs,18,4366,0.005280,4500,30,30
dfs,8,2156,0.001845,4500,30,30
dfs,35,9324,0.010528,4500,30,30
dfs,16,4200,0.004543,4500,30,30
dfs,31,7459,0.007682,4500,30,30
ida_dfs,39,1111,0.387200,4500,30,30
ida_dfs,109,3130,0.967351,4500,30,30
ida_dfs,82,2512,0.554861,4500,30,30
ida_dfs,48,1588,0.349878,4500,30,30
ida_dfs,82,2704,0.711189,4500,30,30
ida_dfs,114,3420,1.215137,4500,30,30
ida_dfs,56,1719,0.407727,4500,30,30
ida_dfs,78,2315,1.001459,4500,30,30
ida_dfs,65,2113,0.575509,4500,30,30
ida_dfs,70,2248,0.650831,4500,30,30
raw_hamilton,897,207375,0.185514,4500,30,30
raw_hamilton,897,197957,0.180222,4500,30,30
raw_hamilton,897,206278,0.185112,4500,30,30
raw_hamilton,897,206355,0.183277,4500,30,30
raw_hamilton,897,197831,0.176785,4500,30,30
raw_hamilton,897,201652,0.180933,4500,30,30
raw_hamilton,897,203179,0.184236,4500,30,30
raw_hamilton,897,202393,0.182125,4500,30,30
raw_hamilton,897,202254,0.184039,4500,30,30
raw_hamilton,897,203051,0.184515,4500,30,30
smart_snako,897,83339,120.750438,4500,30,30
smart_snako,897,80670,115.462243,4500,30,30
smart_snako,897,78118,114.560887,4500,30,30
smart_snako,897,82618,117.503986,4500,30,30
smart_snako,897,76409,110.712342,4500,30,30
smart_snako,897,80153,117.771089,4500,30,30
smart_snako,897,80032,114.986702,4500,30,30
smart_snako,897,83401,120.567032,4500,30,30
smart_snako,897,81107,128.260053,4500,30,30
smart_snako,897,85371,137.293773,4500,30,30
random,5,3674,0.001301,4500,30,30
random,2,5265,0.001974,4500,30,30
random,4,4618,0.002120,4500,30,30
random,0,4501,0.003132,4500,30,30
random,5,5402,0.003388,4500,30,30
random,3,3764,0.002709,4500,30,30
random,3,5367,0.001338,4500,30,30
random,1,6684,0.001970,4500,30,30
random,3,7034,0.003950,4500,30,30
random,3,4212,0.002394,4500,30,30
manhattan,77,1937,0.001911,4500,30,30
manhattan,27,608,0.000557,4500,30,30
manhattan,28,617,0.000564,4500,30,30
manhattan,13,292,0.000285,4500,30,30
manhattan,63,1423,0.001466,4500,30,30
manhattan,33,740,0.000782,4500,30,30
manhattan,54,1275,0.001252,4500,30,30
manhattan,43,974,0.001013,4500,30,30
manhattan,51,1115,0.001053,4500,30,30
manhattan,47,996,0.000962,4500,30,30
dfs,14,3600,0.003694,4500,30,30
dfs,13,3345,0.003341,4500,30,30
dfs,49,11982,0.012457,4500,30,30
dfs,7,1880,0.001511,4500,30,30
dfs,17,5309,0.004765,4500,30,30
dfs,20,5413,0.005800,4500,30,30
dfs,32,8212,0.008182,4500,30,30
dfs,25,6717,0.006363,4500,30,30
dfs,21,5557,0.006022,4500,30,30
dfs,27,7326,0.007964,4500,30,30
ida_dfs,65,1730,0.505641,4500,30,30
ida_dfs,77,2330,0.674637,4500,30,30
ida_dfs,45,1299,0.325059,4500,30,30
ida_dfs,104,3357,1.029006,4500,30,30
ida_dfs,41,1298,0.371475,4500,30,30
ida_dfs,76,2394,0.825485,4500,30,30
ida_dfs,58,1595,0.348625,4500,30,30
ida_dfs,117,3630,1.071918,4500,30,30
ida_dfs,45,1097,0.232307,4500,30,30
ida_dfs,73,2202,0.749857,4500,30,30
raw_hamilton,897,195381,0.185614,4500,30,30
raw_hamilton,897,199302,0.202359,4500,30,30
raw_hamilton,897,196367,0.197885,4500,30,30
raw_hamilton,897,199875,0.197876,4500,30,30
raw_hamilton,897,199627,0.194061,4500,30,30
raw_hamilton,897,199505,0.205171,4500,30,30
raw_hamilton,897,203834,0.206268,4500,30,30
raw_hamilton,897,200071,0.201858,4500,30,30
raw_hamilton,897,207850,0.212125,4500,30,30
raw_hamilton,897,199671,0.193681,4500,30,30
smart_snako,897,79626,132.392165,4500,30,30
smart_snako,897,82376,136.795138,4500,30,30
smart_snako,897,79958,132.877743,4500,30,30
smart_snako,897,80421,132.492161,4500,30,30
smart_snako,897,81205,131.128947,4500,30,30
smart_snako,897,80150,131.005609,4500,30,30
smart_snako,897,81578,136.914568,4500,30,30
smart_snako,897,80868,129.893763,4500,30,30
smart_snako,897,81592,123.991019,4500,30,30
smart_snako,897,82076,133.012728,4500,30,30
random,3,3817,0.002736,4500,30,30
random,2,1297,0.000710,4500,30,30
random,3,6727,0.004466,4500,30,30
random,3,4163,0.000697,4500,30,30
random,1,1986,0.000302,4500,30,30
random,3,3676,0.001315,4500,30,30
random,2,5610,0.004016,4500,30,30
random,3,8376,0.003669,4500,30,30
random,2,3251,0.002231,4500,30,30
random,2,2458,0.000312,4500,30,30
manhattan,28,655,0.000668,4500,30,30
manhattan,56,1336,0.001397,4500,30,30
manhattan,33,649,0.000638,4500,30,30
manhattan,36,794,0.000706,4500,30,30
manhattan,49,1096,0.001114,4500,30,30
manhattan,23,492,0.000423,4500,30,30
manhattan,28,649,0.000680,4500,30,30
manhattan,23,528,0.000553,4500,30,30
manhattan,55,1477,0.001360,4500,30,30
manhattan,14,222,0.000192,4500,30,30
dfs,18,5476,0.005058,4500,30,30
dfs,7,2457,0.002630,4500,30,30
dfs,5,1642,0.003538,4500,30,30
dfs,25,5810,0.005874,4500,30,30
dfs,27,7017,0.006781,4500,30,30
dfs,24,5633,0.007863,4500,30,30
dfs,26,6616,0.006739,4500,30,30
dfs,46,12351,0.013400,4500,30,30
dfs,23,5822,0.007137,4500,30,30
dfs,18,4482,0.004063,4500,30,30
ida_dfs,68,1933,0.512867,4500,30,30
ida_dfs,78,2139,0.540683,4500,30,30
ida_dfs,143,5019,2.741504,4500,30,30
ida_dfs,66,2045,0.558025,4500,30,30
ida_dfs,82,2663,0.653381,4500,30,30
ida_dfs,78,2601,0.875341,4500,30,30
ida_dfs,56,1843,0.506341,4500,30,30
ida_dfs,71,2183,0.848014,4500,30,30
ida_dfs,20,693,0.301031,4500,30,30
ida_dfs,71,1909,0.480081,4500,30,30
raw_hamilton,897,202154,0.199090,4500,30,30
raw_hamilton,897,202158,0.203297,4500,30,30
raw_hamilton,897,192827,0.193319,4500,30,30
raw_hamilton,897,193415,0.185221,4500,30,30
raw_hamilton,897,195976,0.187320,4500,30,30
raw_hamilton,897,199673,0.194610,4500,30,30
raw_hamilton,897,194423,0.189376,4500,30,30
raw_hamilton,897,204177,0.196821,4500,30,30
raw_hamilton,897,209155,0.206362,4500,30,30
raw_hamilton,897,191669,0.195614,4500,30,30
smart_snako,897,79344,123.110933,4500,30,30
smart_snako,897,79587,124.448729,4500,30,30
smart_snako,897,78826,128.407321,4500,30,30
smart_snako,897,79652,113.006408,4500,30,30
smart_snako,897,80975,114.328161,4500,30,30
smart_snako,897,86929,115.133900,4500,30,30
smart_snako,897,80178,115.222281,4500,30,30
smart_snako,897,78131,112.613100,4500,30,30
smart_snako,897,78891,116.711848,4500,30,30
smart_snako,897,79641,114.135105,4500,30,30
random,3,1671,0.000726,4500,30,30
random,1,1664,0.001186,4500,30,30
random,1,1417,0.000654,4500,30,30
random,2,3438,0.001897,4500,30,30
random,3,4293,0.003446,4500,30,30
random,1,2594,0.000849,4500,30,30
random,1,1761,0.002515,4500,30,30
random,3,4294,0.001394,4500,30,30
random,1,4501,0.002978,4500,30,30
random,5,3321,0.002277,4500,30,30
manhattan,39,833,0.000708,4500,30,30
manhattan,46,1042,0.001052,4500,30,30
manhattan,56,1440,0.001349,4500,30,30
manhattan,26,611,0.000540,4500,30,30
manhattan,25,638,0.000604,4500,30,30
manhattan,54,1251,0.001132,4500,30,30
manhattan,28,524,0.000555,4500,30,30
manhattan,37,969,0.000919,4500,30,30
manhattan,26,424,0.000397,4500,30,30
manhattan,26,585,0.000589,4500,30,30
dfs,16,4349,0.003812,4500,30,30
dfs,15,3597,0.003532,4500,30,30
dfs,17,4903,0.004327,4500,30,30
dfs,19,4233,0.003573,4500,30,30
dfs,21,5948,0.006048,4500,30,30
dfs,21,6441,0.006071,4500,30,30
dfs,24,6141,0.005974,4500,30,30
dfs,13,2439,0.002235,4500,30,30
dfs,24,5333,0.005896,4500,30,30
dfs,24,6768,0.006868,4500,30,30
ida_dfs,93,3157,1.692756,4500,30,30
ida_dfs,99,2852,1.120153,4500,30,30
ida_dfs,47,1285,0.267030,4500,30,30
ida_dfs,38,1125,0.317878,4500,30,30
ida_dfs,102,3023,1.033614,4500,30,30
ida_dfs,62,1706,0.310708,4500,30,30
ida_dfs,72,2169,0.616106,4500,30,30
ida_dfs,56,1730,0.548341,4500,30,30
ida_dfs,63,2053,0.492512,4500,30,30
ida_dfs,82,2343,0.526776,4500,30,30
raw_hamilton,897,202208,0.182282,4500,30,30
raw_hamilton,897,200563,0.183681,4500,30,30
raw_hamilton,897,202548,0.181735,4500,30,30
raw_hamilton,897,200363,0.187460,4500,30,30
raw_hamilton,897,200989,0.187745,4500,30,30
raw_hamilton,897,197231,0.177653,4500,30,30
raw_hamilton,897,196167,0.184312,4500,30,30
raw_hamilton,897,211734,0.194833,4500,30,30
raw_hamilton,897,208398,0.185819,4500,30,30
raw_hamilton,897,204296,0.187099,4500,30,30
smart_snako,897,78994,115.565987,4500,30,30
smart_snako,897,78649,113.686177,4500,30,30
smart_snako,897,81077,117.520784,4500,30,30
smart_snako,897,80691,120.252310,4500,30,30
smart_snako,897,81684,116.763016,4500,30,30
smart_snako,897,84026,117.447653,4500,30,30
smart_snako,897,80092,115.362147,4500,30,30
smart_snako,897,76962,125.613456,4500,30,30
smart_snako,897,80564,130.105467,4500,30,30
smart_snako,897,84035,130.100872,4500,30,30
random,3,2215,0.001427,4500,30,30
random,3,4953,0.003359,4500,30,30
random,3,3732,0.001855,4500,30,30
random,2,5315,0.001129,4500,30,30
random,2,2414,0.000968,4500,30,30
random,5,5982,0.003744,4500,30,30
random,2,3227,0.002319,4500,30,30
random,5,5102,0.002733,4500,30,30
random,4,2750,0.000768,4500,30,30
random,2,3040,0.001239,4500,30,30
manhattan,22,508,0.000576,4500,30,30
manhattan,29,598,0.000844,4500,30,30
manhattan,52,1198,0.001164,4500,30,30
manhattan,18,388,0.000352,4500,30,30
manhattan,35,791,0.000791,4500,30,30
manhattan,26,640,0.000594,4500,30,30
manhattan,25,522,0.000451,4500,30,30
manhattan,68,1692,0.001767,4500,30,30
manhattan,28,662,0.000669,4500,30,30
manhattan,29,579,0.000667,4500,30,30
dfs,16,3724,0.004629,4500,30,30
dfs,16,4103,0.004690,4500,30,30
dfs,24,6012,0.006217,4500,30,30
dfs,12,3001,0.003315,4500,30,30
dfs,19,5548,0.006462,4500,30,30
dfs,16,4556,0.004340,4500,30,30
dfs,13,3553,0.003341,4500,30,30
dfs,13,2745,0.003151,4500,30,30
dfs,24,6175,0.006633,4500,30,30
dfs,13,3190,0.003077,4500,30,30
ida_dfs,31,724,0.164462,4500,30,30
ida_dfs,125,4535,2.580470,4500,30,30
ida_dfs,55,1494,0.420922,4500,30,30
ida_dfs,108,3325,1.035326,4500,30,30
ida_dfs,116,3609,1.510561,4500,30,30
ida_dfs,107,3400,0.953107,4500,30,30
ida_dfs,90,2802,0.770751,4500,30,30
ida_dfs,108,3095,1.028239,4500,30,30
ida_dfs,119,4064,2.213626,4500,30,30
ida_dfs,105,3097,0.852828,4500,30,30
raw_hamilton,897,203104,0.188012,4500,30,30
raw_hamilton,897,200558,0.217824,4500,30,30
raw_hamilton,897,200508,0.193553,4500,30,30
raw_hamilton,897,200160,0.196387,4500,30,30
raw_hamilton,897,197790,0.203857,4500,30,30
raw_hamilton,897,198625,0.216599,4500,30,30
raw_hamilton,897,199729,0.186623,4500,30,30
raw_hamilton,897,194260,0.187254,4500,30,30
raw_hamilton,897,199985,0.190046,4500,30,30
raw_hamilton,897,210621,0.201388,4500,30,30
smart_snako,897,82122,127.193065,4500,30,30
smart_snako,897,77542,122.805411,4500,30,30
smart_snako,897,79150,128.180054,4500,30,30
smart_snako,897,79948,116.534698,4500,30,30
smart_snako,897,79782,116.338516,4500,30,30
smart_snako,897,77773,113.089764,4500,30,30
smart_snako,897,85143,121.514808,4500,30,30
smart_snako,897,78858,113.620801,4500,30,30
smart_snako,897,81045,117.667365,4500,30,30
smart_snako,897,82434,116.052673,4500,30,30
random,1,1924,0.000729,4500,30,30
random,1,3219,0.002142,4500,30,30
random,3,5328,0.003914,4500,30,30
random,1,1229,0.000114,4500,30,30
random,5,1467,0.000555,4500,30,30
random,2,1906,0.001195,4500,30,30
random,3,5856,0.003031,4500,30,30
random,3,4025,0.001514,4500,30,30
random,1,7248,0.001394,4500,30,30
random,3,3751,0.001367,4500,30,30
manhattan,49,1132,0.000995,4500,30,30
manhattan,36,820,0.000737,4500,30,30
manhattan,42,946,0.000878,4500,30,30
manhattan,47,919,0.000933,4500,30,30
manhattan,30,642,0.000583,4500,30,30
manhattan,44,1057,0.000929,4500,30,30
manhattan,33,649,0.000570,4500,30,30
manhattan,43,971,0.000878,4500,30,30
manhattan,56,1261,0.001320,4500,30,30
manhattan,53,1085,0.001182,4500,30,30
dfs,10,2162,0.002574,4500,30,30
dfs,17,4518,0.005353,4500,30,30
dfs,36,10403,0.011776,4500,30,30
dfs,24,5797,0.005755,4500,30,30
dfs,5,1006,0.000846,4500,30,30
dfs,17,4797,0.004638,4500,30,30
dfs,36,7621,0.008659,4500,30,30
dfs,25,6162,0.006979,4500,30,30
dfs,43,10422,0.009259,4500,30,30
dfs,33,8721,0.009109,4500,30,30
ida_dfs,99,3095,1.649448,4500,30,30
ida_dfs,70,2259,0.663232,4500,30,30
ida_dfs,97,2887,0.768979,4500,30,30
ida_dfs,87,2628,0.702411,4500,30,30
ida_dfs,106,3336,1.046729,4500,30,30
ida_dfs,91,2820,1.027797,4500,30,30
ida_dfs,73,2131,0.482135,4500,30,30
ida_dfs,101,3296,0.994357,4500,30,30
ida_dfs,103,3473,1.323091,4500,30,30
ida_dfs,34,1121,0.319040,4500,30,30
raw_hamilton,897,198733,0.181852,4500,30,30
raw_hamilton,897,210870,0.191791,4500,30,30
raw_hamilton,897,206163,0.185903,4500,30,30
raw_hamilton,897,199246,0.176243,4500,30,30
raw_hamilton,897,201939,0.185194,4500,30,30
raw_hamilton,897,200843,0.180830,4500,30,30
raw_hamilton,897,200154,0.180372,4500,30,30
raw_hamilton,897,197924,0.180366,4500,30,30
raw_hamilton,897,201355,0.184370,4500,30,30
raw_hamilton,897,192171,0.174649,4500,30,30
smart_snako,897,81935,119.946328,4500,30,30
smart_snako,897,77890,115.739099,4500,30,30
smart_snako,897,82199,132.403288,4500,30,30
smart_snako,897,78473,127.738128,4500,30,30
smart_snako,897,80547,125.161969,4500,30,30
smart_snako,897,79213,120.222042,4500,30,30
smart_snako,897,80225,131.575965,4500,30,30
smart_snako,897,79393,127.430727,4500,30,30
smart_snako,897,80009,122.191416,4500,30,30
smart_snako,897,83002,120.892902,4500,30,30
random,1,3846,0.001086,4500,30,30
random,3,3882,0.000806,4500,30,30
random,0,4501,0.002196,4500,30,30
random,3,968,0.000457,4500,30,30
random,0,4501,0.001582,4500,30,30
random,1,775,0.000119,4500,30,30
random,3,2687,0.001802,4500,30,30
random,1,314,0.000170,4500,30,30
random,3,723,0.000258,4500,30,30
random,4,5011,0.000884,4500,30,30
manhattan,43,908,0.000935,4500,30,30
manhattan,29,579,0.000517,4500,30,30
manhattan,22,530,0.000539,4500,30,30
manhattan,16,403,0.000383,4500,30,30
manhattan,10,145,0.000136,4500,30,30
manhattan,45,875,0.000849,4500,30,30
manhattan,60,1354,0.001209,4500,30,30
manhattan,22,470,0.000368,4500,30,30
manhattan,19,366,0.000361,4500,30,30
manhattan,40,810,0.000876,4500,30,30
dfs,12,3416,0.003675,4500,30,30
dfs,7,2071,0.001767,4500,30,30
dfs,17,3790,0.004711,4500,30,30
dfs,13,3099,0.002645,4500,30,30
dfs,18,3758,0.003824,4500,30,30
dfs,5,1538,0.001947,4500,30,30
dfs,9,1948,0.001539,4500,30,30
dfs,27,6645,0.006744,4500,30,30
dfs,21,6756,0.007254,4500,30,30
dfs,15,4178,0.003714,4500,30,30
ida_dfs,67,1927,0.495931,4500,30,30
ida_dfs,95,3077,1.094556,4500,30,30
ida_dfs,75,2126,0.523965,4500,30,30
ida_dfs,81,2367,0.547486,4500,30,30
ida_dfs,62,1500,0.272830,4500,30,30
ida_dfs,53,1483,0.382916,4500,30,30
ida_dfs,73,2367,0.821587,4500,30,30
ida_dfs,70,2018,0.479309,4500,30,30
ida_dfs,117,4066,1.973331,4500,30,30
ida_dfs,118,3958,1.863939,4500,30,30
raw_hamilton,897,199415,0.187758,4500,30,30
raw_hamilton,897,209268,0.186622,4500,30,30
raw_hamilton,897,201813,0.183424,4500,30,30
raw_hamilton,897,199313,0.180093,4500,30,30
raw_hamilton,897,201687,0.183536,4500,30,30
raw_hamilton,897,206446,0.191735,4500,30,30
raw_hamilton,897,197827,0.179676,4500,30,30
raw_hamilton,897,198173,0.180277,4500,30,30
raw_hamilton,897,202120,0.182687,4500,30,30
raw_hamilton,897,204643,0.185687,4500,30,30
smart_snako,897,82623,121.233494,4500,30,30
smart_snako,897,84110,121.086430,4500,30,30
smart_snako,897,82823,118.469291,4500,30,30
smart_snako,897,82622,118.436525,4500,30,30
smart_snako,897,79985,115.155620,4500,30,30
smart_snako,897,79148,114.239168,4500,30,30
smart_snako,897,83833,113.641180,4500,30,30
smart_snako,897,82533,117.124048,4500,30,30
smart_snako,897,82381,119.467077,4500,30,30
smart_snako,897,78942,114.479019,4500,30,30
random,4,8187,0.003238,4500,30,30
random,0,4501,0.000436,4500,30,30
random,3,7509,0.002028,4500,30,30
random,0,4501,0.002927,4500,30,30
random,2,1900,0.001197,4500,30,30
random,5,1671,0.000713,4500,30,30
random,1,4331,0.001377,4500,30,30
random,5,5127,0.001927,4500,30,30
random,3,2527,0.001427,4500,30,30
random,3,6059,0.002430,4500,30,30
manhattan,60,1294,0.001362,4500,30,30
manhattan,32,604,0.000516,4500,30,30
manhattan,48,1092,0.000998,4500,30,30
manhattan,37,706,0.000635,4500,30,30
manhattan,55,1301,0.001197,4500,30,30
manhattan,15,349,0.000375,4500,30,30
manhattan,19,496,0.000477,4500,30,30
manhattan,44,973,0.000882,4500,30,30
manhattan,26,551,0.000479,4500,30,30
manhattan,19,457,0.000447,4500,30,30
dfs,35,7558,0.007668,4500,30,30
dfs,16,5150,0.004849,4500,30,30
dfs,9,2152,0.002299,4500,30,30
dfs,16,4016,0.004050,4500,30,30
dfs,13,3085,0.002583,4500,30,30
dfs,19,5826,0.005893,4500,30,30
dfs,8,2008,0.002130,4500,30,30
dfs,16,4050,0.004530,4500,30,30
dfs,36,9112,0.009372,4500,30,30
dfs,12,3374,0.003822,4500,30,30
ida_dfs,139,4817,1.918549,4500,30,30
ida_dfs,73,2353,0.511349,4500,30,30
ida_dfs,56,1816,0.472928,4500,30,30
ida_dfs,88,2894,0.772443,4500,30,30
ida_dfs,72,2241,0.623256,4500,30,30
ida_dfs,116,3712,1.489237,4500,30,30
ida_dfs,71,2129,0.391563,4500,30,30
ida_dfs,80,2159,0.571554,4500,30,30
ida_dfs,33,1148,0.279665,4500,30,30
ida_dfs,63,1748,0.391731,4500,30,30
raw_hamilton,897,198080,0.177835,4500,30,30
raw_hamilton,897,203697,0.182766,4500,30,30
raw_hamilton,897,200338,0.183267,4500,30,30
raw_hamilton,897,199895,0.178577,4500,30,30
raw_hamilton,897,202356,0.179947,4500,30,30
raw_hamilton,897,200475,0.179362,4500,30,30
raw_hamilton,897,205014,0.185035,4500,30,30
raw_hamilton,897,207246,0.183230,4500,30,30
raw_hamilton,897,203999,0.185036,4500,30,30
raw_hamilton,897,196766,0.178783,4500,30,30
smart_snako,897,79969,113.808965,4500,30,30
smart_snako,897,81907,117.704534,4500,30,30
smart_snako,897,81696,118.795935,4500,30,30
smart_snako,897,77487,111.297955,4500,30,30
smart_snako,897,79300,115.816219,4500,30,30
smart_snako,897,81593,116.717973,4500,30,30
smart_snako,897,83545,122.517413,4500,30,30
smart_snako,897,82466,119.364861,4500,30,30
smart_snako,897,82037,119.984164,4500,30,30
smart_snako,897,78966,115.613985,4500,30,30
random,6,4513,0.002650,4500,30,30
random,1,720,0.000378,4500,30,30
random,2,6538,0.002544,4500,30,30
random,2,4043,0.002086,4500,30,30
random,2,5235,0.002181,4500,30,30
random,3,5069,0.001884,4500,30,30
random,2,5073,0.003771,4500,30,30
random,2,3712,0.001496,4500,30,30
random,1,1459,0.000297,4500,30,30
random,3,3261,0.001939,4500,30,30
manhattan,47,1186,0.001170,4500,30,30
manhattan,50,1046,0.000942,4500,30,30
manhattan,8,160,0.000185,4500,30,30
manhattan,51,1210,0.001254,4500,30,30
manhattan,47,886,0.000875,4500,30,30
manhattan,37,734,0.000800,4500,30,30
manhattan,38,931,0.000916,4500,30,30
manhattan,56,1261,0.001297,4500,30,30
manhattan,28,639,0.000542,4500,30,30
manhattan,37,744,0.000706,4500,30,30
dfs,11,2772,0.002548,4500,30,30
dfs,9,2675,0.003455,4500,30,30
dfs,4,1457,0.000961,4500,30,30
dfs,20,4441,0.004337,4500,30,30
dfs,21,5845,0.005765,4500,30,30
dfs,23,5138,0.005519,4500,30,30
dfs,15,3941,0.004431,4500,30,30
dfs,8,1699,0.001835,4500,30,30
dfs,28,6824,0.006956,4500,30,30
dfs,16,3210,0.003471,4500,30,30
ida_dfs,106,3347,1.066584,4500,30,30
ida_dfs,39,1237,0.322618,4500,30,30
ida_dfs,109,3521,1.558530,4500,30,30
ida_dfs,88,2696,1.025605,4500,30,30
ida_dfs,83,2577,0.651862,4500,30,30
ida_dfs,67,1734,0.364609,4500,30,30
ida_dfs,116,3778,1.432357,4500,30,30
ida_dfs,81,2722,1.451653,4500,30,30
ida_dfs,55,1854,0.446263,4500,30,30
ida_dfs,61,1981,0.519068,4500,30,30
raw_hamilton,897,194970,0.181748,4500,30,30
raw_hamilton,897,207957,0.211964,4500,30,30
raw_hamilton,897,206264,0.187201,4500,30,30
raw_hamilton,897,198878,0.183631,4500,30,30
raw_hamilton,897,206849,0.187605,4500,30,30
raw_hamilton,897,205178,0.188154,4500,30,30
raw_hamilton,897,203991,0.179254,4500,30,30
raw_hamilton,897,197739,0.178817,4500,30,30
raw_hamilton,897,199423,0.177385,4500,30,30
raw_hamilton,897,204975,0.189622,4500,30,30
smart_snako,897,81531,117.935264,4500,30,30
smart_snako,897,84112,121.318299,4500,30,30
smart_snako,897,81715,118.083231,4500,30,30
smart_snako,897,80970,117.111873,4500,30,30
smart_snako,897,80337,116.836223,4500,30,30
smart_snako,897,81478,116.797052,4500,30,30
smart_snako,897,83672,122.352832,4500,30,30
smart_snako,897,83062,117.895698,4500,30,30
smart_snako,897,82573,120.967093,4500,30,30
smart_snako,897,80783,118.054205,4500,30,30
random,4,2558,0.001100,4500,30,30
random,1,661,0.000253,4500,30,30
random,0,4501,0.001475,4500,30,30
random,4,3861,0.002956,4500,30,30
random,1,1619,0.001061,4500,30,30
random,5,4488,0.002077,4500,30,30
random,4,2492,0.001383,4500,30,30
random,4,7850,0.003449,4500,30,30
random,5,1775,0.000717,4500,30,30
random,3,2185,0.001192,4500,30,30
manhattan,27,611,0.000536,4500,30,30
manhattan,31,719,0.000581,4500,30,30
manhattan,35,896,0.000961,4500,30,30
manhattan,49,1039,0.001115,4500,30,30
manhattan,32,677,0.000574,4500,30,30
manhattan,45,1140,0.001098,4500,30,30
manhattan,35,637,0.000551,4500,30,30
manhattan,16,371,0.000301,4500,30,30
manhattan,50,1057,0.001037,4500,30,30
manhattan,23,498,0.000499,4500,30,30
dfs,25,6877,0.006776,4500,30,30
dfs,13,3666,0.003562,4500,30,30
dfs,16,4743,0.004613,4500,30,30
dfs,18,4971,0.005323,4500,30,30
dfs,34,9763,0.009384,4500,30,30
dfs,23,5134,0.004494,4500,30,30
dfs,8,1988,0.002070,4500,30,30
dfs,24,6444,0.006551,4500,30,30
dfs,23,6435,0.006352,4500,30,30
dfs,8,2284,0.001849,4500,30,30
ida_dfs,97,3096,0.856683,4500,30,30
ida_dfs,78,2591,0.639473,4500,30,30
ida_dfs,91,2842,0.989818,4500,30,30
ida_dfs,79,2357,0.615542,4500,30,30
ida_dfs,109,3353,1.028531,4500,30,30
ida_dfs,112,3473,1.177108,4500,30,30
ida_dfs,61,1745,0.528283,4500,30,30
ida_dfs,73,2124,0.430003,4500,30,30
ida_dfs,75,2069,0.544385,4500,30,30
ida_dfs,99,3435,1.194258,4500,30,30
raw_hamilton,897,203594,0.178874,4500,30,30
raw_hamilton,897,206491,0.188375,4500,30,30
raw_hamilton,897,205356,0.181193,4500,30,30
raw_hamilton,897,208380,0.188544,4500,30,30
raw_hamilton,897,208019,0.185656,4500,30,30
raw_hamilton,897,203279,0.177869,4500,30,30
raw_hamilton,897,203910,0.180279,4500,30,30
raw_hamilton,897,204588,0.181823,4500,30,30
raw_hamilton,897,207852,0.186369,4500,30,30
raw_hamilton,897,197940,0.174656,4500,30,30
smart_snako,897,80898,118.570471,4500,30,30
smart_snako,897,81859,116.909888,4500,30,30
smart_snako,897,80089,117.537472,4500,30,30
smart_snako,897,80871,112.003033,4500,30,30
smart_snako,897,82468,114.712383,4500,30,30
smart_snako,897,79895,115.862755,4500,30,30
smart_snako,897,78083,111.334277,4500,30,30
smart_snako,897,82465,118.697868,4500,30,30
smart_snako,897,84236,121.122408,4500,30,30
smart_snako,897,80504,117.131929,4500,30,30
random,3,4992,0.002165,4500,30,30
random,0,4501,0.003319,4500,30,30
random,0,4501,0.002768,4500,30,30
random,1,1143,0.000431,4500,30,30
random,4,7523,0.002538,4500,30,30
random,5,6234,0.002621,4500,30,30
random,0,4501,0.001423,4500,30,30
random,2,2014,0.001623,4500,30,30
random,1,1595,0.000988,4500,30,30
random,3,6466,0.002867,4500,30,30
manhattan,29,684,0.000648,4500,30,30
manhattan,24,575,0.000543,4500,30,30
manhattan,24,528,0.000555,4500,30,30
manhattan,35,782,0.000712,4500,30,30
manhattan,27,528,0.000501,4500,30,30
manhattan,40,961,0.000938,4500,30,30
manhattan,71,1684,0.001638,4500,30,30
manhattan,51,1045,0.000939,4500,30,30
manhattan,75,2035,0.001865,4500,30,30
manhattan,40,902,0.000921,4500,30,30
dfs,15,3429,0.003328,4500,30,30
dfs,25,5340,0.005547,4500,30,30
dfs,16,3971,0.003680,4500,30,30
dfs,19,4290,0.005061,4500,30,30
dfs,11,2188,0.002690,4500,30,30
dfs,14,3779,0.003957,4500,30,30
dfs,23,6558,0.007115,4500,30,30
dfs,12,3031,0.002232,4500,30,30
dfs,15,4200,0.005117,4500,30,30
dfs,15,4755,0.006300,4500,30,30
ida_dfs,41,1345,0.326251,4500,30,30
ida_dfs,120,3633,1.073750,4500,30,30
ida_dfs,81,2378,0.701726,4500,30,30
ida_dfs,88,2745,0.705784,4500,30,30
ida_dfs,99,2759,0.562382,4500,30,30
ida_dfs,23,833,0.242154,4500,30,30
ida_dfs,83,2584,0.836012,4500,30,30
ida_dfs,72,2323,0.792439,4500,30,30
ida_dfs,76,2338,0.533984,4500,30,30
ida_dfs,61,1659,0.641545,4500,30,30
raw_hamilton,897,200501,0.185271,4500,30,30
raw_hamilton,897,200634,0.186363,4500,30,30
raw_hamilton,897,194227,0.180638,4500,30,30
raw_hamilton,897,201080,0.180245,4500,30,30
raw_hamilton,897,200392,0.179483,4500,30,30
raw_hamilton,897,197599,0.177216,4500,30,30
raw_hamilton,897,201268,0.183162,4500,30,30
raw_hamilton,897,205264,0.182118,4500,30,30
raw_hamilton,897,206577,0.188662,4500,30,30
raw_hamilton,897,202519,0.183312,4500,30,30
smart_snako,897,84347,119.423057,4500,30,30
smart_snako,897,82412,117.408864,4500,30,30
smart_snako,897,84120,121.651223,4500,30,30
smart_snako,897,79758,115.488247,4500,30,30
smart_snako,897,83062,116.949466,4500,30,30
smart_snako,897,82901,122.190856,4500,30,30
smart_snako,897,79185,115.447038,4500,30,30
smart_snako,897,81213,116.832178,4500,30,30
smart_snako,897,88226,120.240084,4500,30,30
smart_snako,897,82180,120.078523,4500,30,30
random,3,3797,0.002145,4500,30,30
random,3,4518,0.002687,4500,30,30
random,1,3267,0.002168,4500,30,30
random,4,5138,0.003080,4500,30,30
random,1,2136,0.001418,4500,30,30
random,1,2465,0.001041,4500,30,30
random,0,4501,0.002763,4500,30,30
random,3,1325,0.000679,4500,30,30
random,1,972,0.000667,4500,30,30
random,3,685,0.000080,4500,30,30
manhattan,25,613,0.000612,4500,30,30
manhattan,20,402,0.000358,4500,30,30
manhattan,21,348,0.000304,4500,30,30
manhattan,34,629,0.000609,4500,30,30
manhattan,28,592,0.000567,4500,30,30
manhattan,36,773,0.000673,4500,30,30
manhattan,33,594,0.000606,4500,30,30
manhattan,53,1217,0.001101,4500,30,30
manhattan,20,462,0.000453,4500,30,30
manhattan,48,1129,0.001068,4500,30,30
dfs,9,1972,0.002347,4500,30,30
dfs,6,1507,0.001444,4500,30,30
dfs,41,9062,0.009144,4500,30,30
dfs,18,4171,0.003886,4500,30,30
dfs,23,6009,0.006014,4500,30,30
dfs,11,2926,0.002612,4500,30,30
dfs,14,4070,0.003469,4500,30,30
dfs,22,6016,0.006790,4500,30,30
dfs,13,3354,0.003189,4500,30,30
dfs,18,5502,0.004897,4500,30,30
ida_dfs,49,1292,0.300136,4500,30,30
ida_dfs,114,3390,1.080625,4500,30,30
ida_dfs,91,2734,0.950868,4500,30,30
ida_dfs,105,3273,1.107693,4500,30,30
ida_dfs,83,2514,1.015849,4500,30,30
ida_dfs,73,2093,0.439192,4500,30,30
ida_dfs,99,3119,1.032020,4500,30,30
ida_dfs,62,2125,0.500816,4500,30,30
ida_dfs,89,2773,0.691200,4500,30,30
ida_dfs,119,3789,1.300710,4500,30,30
raw_hamilton,897,200057,0.177647,4500,30,30
raw_hamilton,897,196077,0.177332,4500,30,30
raw_hamilton,897,199532,0.182705,4500,30,30
raw_hamilton,897,199286,0.180023,4500,30,30
raw_hamilton,897,202506,0.184052,4500,30,30
raw_hamilton,897,206886,0.189564,4500,30,30
raw_hamilton,897,210161,0.195323,4500,30,30
raw_hamilton,897,210794,0.188701,4500,30,30
raw_hamilton,897,208277,0.187052,4500,30,30
raw_hamilton,897,204599,0.186256,4500,30,30
smart_snako,897,83198,119.200249,4500,30,30
smart_snako,897,80864,118.845329,4500,30,30
smart_snako,897,81825,118.920436,4500,30,30
smart_snako,897,79486,116.054275,4500,30,30
smart_snako,897,81075,116.374785,4500,30,30
smart_snako,897,80386,113.719397,4500,30,30
smart_snako,897,77847,108.426140,4500,30,30
smart_snako,897,81942,113.150498,4500,30,30
smart_snako,897,81124,116.663563,4500,30,30
smart_snako,897,78308,114.761013,4500,30,30
random,2,1355,0.000520,4500,30,30
random,0,4501,0.000447,4500,30,30
random,1,5232,0.001520,4500,30,30
random,4,2313,0.001005,4500,30,30
random,4,1891,0.001274,4500,30,30
random,2,1172,0.000886,4500,30,30
random,0,4501,0.003816,4500,30,30
random,1,3420,0.001188,4500,30,30
random,5,3027,0.001469,4500,30,30
random,0,4501,0.003728,4500,30,30
manhattan,34,631,0.000631,4500,30,30
manhattan,21,380,0.000278,4500,30,30
manhattan,37,663,0.000592,4500,30,30
manhattan,40,828,0.000873,4500,30,30
manhattan,17,375,0.000408,4500,30,30
manhattan,29,570,0.000658,4500,30,30
manhattan,10,198,0.000207,4500,30,30
manhattan,53,1213,0.001185,4500,30,30
manhattan,43,866,0.000871,4500,30,30
manhattan,28,693,0.000702,4500,30,30
dfs,8,2062,0.002291,4500,30,30
dfs,19,5526,0.005774,4500,30,30
dfs,18,5100,0.006102,4500,30,30
dfs,19,5516,0.006489,4500,30,30
dfs,17,4462,0.004097,4500,30,30
dfs,10,3065,0.002809,4500,30,30
dfs,17,3611,0.003144,4500,30,30
dfs,24,6097,0.006401,4500,30,30
dfs,7,2025,0.002427,4500,30,30
dfs,21,5548,0.005244,4500,30,30
ida_dfs,71,2089,0.583529,4500,30,30
ida_dfs,72,2053,0.437499,4500,30,30
ida_dfs,34,839,0.148430,4500,30,30
ida_dfs,42,1254,0.307103,4500,30,30
ida_dfs,50,1771,0.456875,4500,30,30
ida_dfs,63,1811,0.457378,4500,30,30
ida_dfs,86,2396,0.612398,4500,30,30
ida_dfs,56,1365,0.186932,4500,30,30
ida_dfs,117,3960,1.245176,4500,30,30
ida_dfs,30,960,0.292459,4500,30,30
raw_hamilton,897,196453,0.177747,4500,30,30
raw_hamilton,897,198589,0.177201,4500,30,30
raw_hamilton,897,203674,0.182860,4500,30,30
raw_hamilton,897,204091,0.184948,4500,30,30
raw_hamilton,897,203815,0.186001,4500,30,30
raw_hamilton,897,197625,0.179883,4500,30,30
raw_hamilton,897,196644,0.177909,4500,30,30
raw_hamilton,897,196047,0.179922,4500,30,30
raw_hamilton,897,204281,0.183233,4500,30,30
raw_hamilton,897,207070,0.184863,4500,30,30
smart_snako,897,82980,118.643260,4500,30,30
smart_snako,897,84192,119.686139,4500,30,30
smart_snako,897,80646,117.034437,4500,30,30
smart_snako,897,83753,119.229531,4500,30,30
smart_snako,897,83998,121.159039,4500,30,30
smart_snako,897,83989,115.214948,4500,30,30
smart_snako,897,79032,113.018172,4500,30,30
smart_snako,897,83150,116.850467,4500,30,30
smart_snako,897,79812,116.198071,4500,30,30
smart_snako,897,80520,117.726000,4500,30,30
random,1,3809,0.001686,4500,30,30
random,1,1581,0.001095,4500,30,30
random,3,1347,0.000832,4500,30,30
random,1,1891,0.001444,4500,30,30
random,3,2863,0.002174,4500,30,30
random,3,3743,0.001435,4500,30,30
random,4,4766,0.002004,4500,30,30
random,4,4507,0.002017,4500,30,30
random,1,3046,0.001034,4500,30,30
random,4,6510,0.004694,4500,30,30
manhattan,20,385,0.000391,4500,30,30
manhattan,13,266,0.000249,4500,30,30
manhattan,15,347,0.000317,4500,30,30
manhattan,39,913,0.000752,4500,30,30
manhattan,62,1443,0.001402,4500,30,30
manhattan,16,348,0.000350,4500,30,30
manhattan,35,708,0.000703,4500,30,30
manhattan,26,565,0.000521,4500,30,30
manhattan,33,814,0.000768,4500,30,30
manhattan,32,665,0.000676,4500,30,30
dfs,26,7440,0.006815,4500,30,30
dfs,24,6845,0.007505,4500,30,30
dfs,20,4912,0.004862,4500,30,30
dfs,25,5208,0.005879,4500,30,30
dfs,25,6834,0.008425,4500,30,30
dfs,23,6254,0.007039,4500,30,30
dfs,49,11409,0.012204,4500,30,30
dfs,23,5775,0.004771,4500,30,30
dfs,8,2249,0.002297,4500,30,30
dfs,34,8725,0.008403,4500,30,30
ida_dfs,71,2496,1.018776,4500,30,30
ida_dfs,85,2703,0.718556,4500,30,30
ida_dfs,71,2078,0.484507,4500,30,30
ida_dfs,51,1434,0.272235,4500,30,30
ida_dfs,96,2805,0.842788,4500,30,30
ida_dfs,76,2048,0.528335,4500,30,30
ida_dfs,99,3137,0.852808,4500,30,30
ida_dfs,101,2968,1.172903,4500,30,30
ida_dfs,53,1576,0.337486,4500,30,30
ida_dfs,29,926,0.441775,4500,30,30
raw_hamilton,897,201052,0.183095,4500,30,30
raw_hamilton,897,199535,0.216401,4500,30,30
raw_hamilton,897,198196,0.178088,4500,30,30
raw_hamilton,897,205505,0.185029,4500,30,30
raw_hamilton,897,203215,0.181580,4500,30,30
raw_hamilton,897,197379,0.176018,4500,30,30
raw_hamilton,897,199960,0.180314,4500,30,30
raw_hamilton,897,203853,0.188626,4500,30,30
raw_hamilton,897,193339,0.174718,4500,30,30
raw_hamilton,897,202557,0.182459,4500,30,30
smart_snako,897,83213,117.633370,4500,30,30
smart_snako,897,79708,115.784819,4500,30,30
smart_snako,897,80849,118.515224,4500,30,30
smart_snako,897,84205,118.026753,4500,30,30
smart_snako,897,79578,113.436276,4500,30,30
smart_snako,897,81485,117.106159,4500,30,30
smart_snako,897,80372,116.297019,4500,30,30
smart_snako,897,77234,109.910907,4500,30,30
smart_snako,897,82537,119.627930,4500,30,30
smart_snako,897,80559,118.755041,4500,30,30
random,3,6349,0.002470,4500,30,30
random,1,584,0.000313,4500,30,30
random,3,2327,0.001294,4500,30,30
random,1,2892,0.000438,4500,30,30
random,0,4501,0.002343,4500,30,30
random,5,3677,0.001411,4500,30,30
random,1,1053,0.000330,4500,30,30
random,2,1446,0.000607,4500,30,30
random,0,4501,0.003838,4500,30,30
random,0,4501,0.002400,4500,30,30
manhattan,18,353,0.000319,4500,30,30
manhattan,35,770,0.000788,4500,30,30
manhattan,39,715,0.000670,4500,30,30
manhattan,27,529,0.000519,4500,30,30
manhattan,31,723,0.000662,4500,30,30
manhattan,29,677,0.000609,4500,30,30
manhattan,18,366,0.000356,4500,30,30
manhattan,27,519,0.000454,4500,30,30
manhattan,30,584,0.000584,4500,30,30
manhattan,24,367,0.000368,4500,30,30
dfs,26,6862,0.007683,4500,30,30
dfs,46,9744,0.009110,4500,30,30
dfs,27,7085,0.008234,4500,30,30
dfs,18,4589,0.005380,4500,30,30
dfs,18,4955,0.004590,4500,30,30
dfs,30,6827,0.007418,4500,30,30
dfs,18,5112,0.006118,4500,30,30
dfs,16,4438,0.004439,4500,30,30
dfs,19,5138,0.005889,4500,30,30
dfs,12,3175,0.002709,4500,30,30
ida_dfs,54,1645,0.404994,4500,30,30
ida_dfs,81,2566,0.743599,4500,30,30
ida_dfs,101,3144,1.650116,4500,30,30
ida_dfs,52,1428,0.355563,4500,30,30
ida_dfs,74,2126,1.013847,4500,30,30
ida_dfs,93,2921,0.778140,4500,30,30
ida_dfs,96,3336,1.432923,4500,30,30
ida_dfs,129,3924,1.315710,4500,30,30
ida_dfs,31,1000,0.306785,4500,30,30
ida_dfs,78,2490,0.659362,4500,30,30
raw_hamilton,897,200500,0.179561,4500,30,30
raw_hamilton,897,207157,0.192045,4500,30,30
raw_hamilton,897,199381,0.178040,4500,30,30
raw_hamilton,897,207327,0.185699,4500,30,30
raw_hamilton,897,196059,0.177887,4500,30,30
raw_hamilton,897,208055,0.189176,4500,30,30
raw_hamilton,897,208668,0.187512,4500,30,30
raw_hamilton,897,199650,0.182243,4500,30,30
raw_hamilton,897,195505,0.176273,4500,30,30
raw_hamilton,897,198128,0.182900,4500,30,30
smart_snako,897,82918,120.749308,4500,30,30
smart_snako,897,84760,115.339784,4500,30,30
smart_snako,897,83474,120.679038,4500,30,30
smart_snako,897,80365,117.181904,4500,30,30
smart_snako,897,82116,114.776692,4500,30,30
smart_snako,897,79506,117.147789,4500,30,30
smart_snako,897,75878,109.933329,4500,30,30
smart_snako,897,81898,118.405894,4500,30,30
smart_snako,897,80299,115.718402,4500,30,30
smart_snako,897,79477,112.469716,4500,30,30
random,1,3635,0.002753,4500,30,30
random,3,3109,0.000766,4500,30,30
random,3,3149,0.001957,4500,30,30
random,2,9079,0.002545,4500,30,30
random,4,2158,0.001052,4500,30,30
random,4,7151,0.002290,4500,30,30
random,3,2071,0.000622,4500,30,30
random,4,8009,0.004603,4500,30,30
random,6,6218,0.003786,4500,30,30
random,1,2329,0.001647,4500,30,30
manhattan,78,1762,0.001729,4500,30,30
manhattan,29,609,0.000608,4500,30,30
manhattan,26,581,0.000505,4500,30,30
manhattan,27,555,0.000513,4500,30,30
manhattan,61,1547,0.001464,4500,30,30
manhattan,7,143,0.000151,4500,30,30
manhattan,47,1137,0.001156,4500,30,30
manhattan,21,368,0.000310,4500,30,30
manhattan,61,1418,0.001501,4500,30,30
manhattan,30,725,0.000575,4500,30,30
dfs,13,2648,0.002767,4500,30,30
dfs,29,7240,0.007586,4500,30,30
dfs,22,5495,0.005233,4500,30,30
dfs,24,5927,0.005840,4500,30,30
dfs,13,4074,0.003989,4500,30,30
dfs,22,4650,0.004547,4500,30,30
dfs,9,2796,0.002695,4500,30,30
dfs,12,2434,0.003002,4500,30,30
dfs,17,5224,0.004621,4500,30,30
dfs,36,8892,0.008756,4500,30,30
ida_dfs,64,1919,0.579123,4500,30,30
ida_dfs,77,2692,0.991455,4500,30,30
ida_dfs,93,3147,1.103291,4500,30,30
ida_dfs,90,2918,0.764280,4500,30,30
ida_dfs,89,2759,0.850827,4500,30,30
ida_dfs,103,3384,0.953858,4500,30,30
ida_dfs,86,2462,0.798346,4500,30,30
ida_dfs,57,1649,0.363296,4500,30,30
ida_dfs,56,1565,0.384246,4500,30,30
ida_dfs,103,3418,1.219188,4500,30,30
raw_hamilton,897,200427,0.186360,4500,30,30
raw_hamilton,897,204347,0.183205,4500,30,30
raw_hamilton,897,201450,0.184205,4500,30,30
raw_hamilton,897,206439,0.189706,4500,30,30
raw_hamilton,897,200659,0.180169,4500,30,30
raw_hamilton,897,194275,0.182359,4500,30,30
raw_hamilton,897,198230,0.182838,4500,30,30
raw_hamilton,897,202297,0.184779,4500,30,30
raw_hamilton,897,203539,0.181439,4500,30,30
raw_hamilton,897,201376,0.182636,4500,30,30
smart_snako,897,82127,120.817093,4500,30,30
smart_snako,897,83938,118.624449,4500,30,30
smart_snako,897,79484,115.797506,4500,30,30
smart_snako,897,82728,121.829556,4500,30,30
smart_snako,897,79291,116.353637,4500,30,30
smart_snako,897,79280,115.793810,4500,30,30
smart_snako,897,83773,118.342585,4500,30,30
smart_snako,897,83596,115.919304,4500,30,30
smart_snako,897,80672,115.074056,4500,30,30
smart_snako,897,82416,114.616204,4500,30,30
random,2,6764,0.002142,4500,30,30
random,5,7131,0.002045,4500,30,30
random,2,5453,0.001233,4500,30,30
random,5,4643,0.003013,4500,30,30
random,3,4166,0.002450,4500,30,30
random,0,4501,0.002123,4500,30,30
random,3,1998,0.000776,4500,30,30
random,4,4897,0.001626,4500,30,30
random,1,3952,0.001370,4500,30,30
random,3,3966,0.002339,4500,30,30
manhattan,44,979,0.000914,4500,30,30
manhattan,51,1168,0.001052,4500,30,30
manhattan,39,810,0.000789,4500,30,30
manhattan,46,905,0.000875,4500,30,30
manhattan,39,863,0.000906,4500,30,30
manhattan,26,447,0.000474,4500,30,30
manhattan,28,548,0.000491,4500,30,30
manhattan,37,802,0.000731,4500,30,30
manhattan,44,1094,0.000943,4500,30,30
manhattan,25,508,0.000489,4500,30,30
dfs,27,7088,0.008069,4500,30,30
dfs,36,9694,0.009559,4500,30,30
dfs,23,5411,0.005361,4500,30,30
dfs,21,5432,0.006224,4500,30,30
dfs,25,6862,0.006764,4500,30,30
dfs,8,2127,0.001360,4500,30,30
dfs,9,1994,0.002210,4500,30,30
dfs,17,4121,0.004155,4500,30,30
dfs,20,5630,0.006108,4500,30,30
dfs,18,4635,0.004069,4500,30,30
ida_dfs,101,3323,1.463657,4500,30,30
ida_dfs,107,3449,1.228099,4500,30,30
ida_dfs,45,1374,0.699255,4500,30,30
ida_dfs,65,2097,1.153673,4500,30,30
ida_dfs,97,2855,0.673972,4500,30,30
ida_dfs,90,2769,0.887765,4500,30,30
ida_dfs,78,2415,1.052143,4500,30,30
ida_dfs,81,2383,0.611372,4500,30,30
ida_dfs,88,2641,0.730100,4500,30,30
ida_dfs,96,2997,1.029793,4500,30,30
raw_hamilton,897,204946,0.183938,4500,30,30
raw_hamilton,897,196433,0.176020,4500,30,30
raw_hamilton,897,203526,0.191180,4500,30,30
raw_hamilton,897,198749,0.178266,4500,30,30
raw_hamilton,897,198810,0.183336,4500,30,30
raw_hamilton,897,199670,0.183944,4500,30,30
raw_hamilton,897,209227,0.186542,4500,30,30
raw_hamilton,897,209597,0.188909,4500,30,30
raw_hamilton,897,200456,0.181456,4500,30,30
raw_hamilton,897,195643,0.179503,4500,30,30
smart_snako,897,78997,114.929826,4500,30,30
smart_snako,897,79675,113.253192,4500,30,30
smart_snako,897,79708,115.651511,4500,30,30
smart_snako,897,82686,117.402877,4500,30,30
smart_snako,897,81718,116.684280,4500,30,30
smart_snako,897,81870,117.587637,4500,30,30
smart_snako,897,82274,119.823843,4500,30,30
smart_snako,897,82983,117.946841,4500,30,30
smart_snako,897,81807,117.602720,4500,30,30
smart_snako,897,80110,112.965389,4500,30,30
random,1,922,0.000257,4500,30,30
random,4,2462,0.000399,4500,30,30
random,1,2009,0.001012,4500,30,30
random,3,6960,0.002442,4500,30,30
random,1,2644,0.001372,4500,30,30
random,2,4382,0.001988,4500,30,30
random,3,2267,0.001465,4500,30,30
random,3,5013,0.002706,4500,30,30
random,2,4821,0.002219,4500,30,30
random,3,3059,0.000958,4500,30,30
manhattan,42,787,0.000737,4500,30,30
manhattan,57,1196,0.001222,4500,30,30
manhattan,33,716,0.000623,4500,30,30
manhattan,14,311,0.000318,4500,30,30
manhattan,39,807,0.000845,4500,30,30
manhattan,31,524,0.000535,4500,30,30
manhattan,54,1164,0.001180,4500,30,30
manhattan,26,546,0.000467,4500,30,30
manhattan,31,700,0.000693,4500,30,30
manhattan,36,730,0.000735,4500,30,30
dfs,43,11517,0.013059,4500,30,30
dfs,21,5450,0.005836,4500,30,30
dfs,18,4883,0.005157,4500,30,30
dfs,25,5683,0.005315,4500,30,30
dfs,24,6392,0.005604,4500,30,30
dfs,27,7057,0.006077,4500,30,30
dfs,45,11493,0.011690,4500,30,30
dfs,13,3312,0.003419,4500,30,30
dfs,13,3205,0.002982,4500,30,30
dfs,19,4319,0.004255,4500,30,30
ida_dfs,82,2529,0.717143,4500,30,30
ida_dfs,68,2427,0.666129,4500,30,30
ida_dfs,52,1385,0.290739,4500,30,30
ida_dfs,79,2592,0.821807,4500,30,30
ida_dfs,120,3906,1.720152,4500,30,30
ida_dfs,40,1119,0.188849,4500,30,30
ida_dfs,71,2307,0.785379,4500,30,30
ida_dfs,117,3453,1.094891,4500,30,30
ida_dfs,112,3474,1.658339,4500,30,30
ida_dfs,115,3815,1.265366,4500,30,30
raw_hamilton,897,196685,0.176767,4500,30,30
raw_hamilton,897,195989,0.176017,4500,30,30
raw_hamilton,897,199697,0.182275,4500,30,30
raw_hamilton,897,204850,0.183632,4500,30,30
raw_hamilton,897,203517,0.187367,4500,30,30
raw_hamilton,897,200919,0.183253,4500,30,30
raw_hamilton,897,203614,0.181165,4500,30,30
raw_hamilton,897,197987,0.177936,4500,30,30
raw_hamilton,897,203092,0.181817,4500,30,30
raw_hamilton,897,197767,0.174992,4500,30,30
smart_snako,897,81989,124.536138,4500,30,30
smart_snako,897,83115,137.574727,4500,30,30
smart_snako,897,79147,130.859488,4500,30,30
smart_snako,897,79808,128.620797,4500,30,30
smart_snako,897,77815,131.800973,4500,30,30
smart_snako,897,83086,127.335255,4500,30,30
